id,date,store_nbr,family,sales,onpromotion
1497,2013-01-01,50,GROCERY I,0,0
3279,2013-01-02,50,GROCERY I,7640,0
5061,2013-01-03,50,GROCERY I,4687,0
6843,2013-01-04,50,GROCERY I,5652,0
8625,2013-01-05,50,GROCERY I,7889,0
10407,2013-01-06,50,GROCERY I,7558,0
12189,2013-01-07,50,GROCERY I,5109,0
13971,2013-01-08,50,GROCERY I,4290,0
15753,2013-01-09,50,GROCERY I,4455,0
17535,2013-01-10,50,GROCERY I,3313,0
19317,2013-01-11,50,GROCERY I,3696,0
21099,2013-01-12,50,GROCERY I,6223,0
22881,2013-01-13,50,GROCERY I,7218,0
24663,2013-01-14,50,GROCERY I,3984,0
26445,2013-01-15,50,GROCERY I,3740,0
28227,2013-01-16,50,GROCERY I,4592,0
30009,2013-01-17,50,GROCERY I,3662,0
31791,2013-01-18,50,GROCERY I,3743,0
33573,2013-01-19,50,GROCERY I,6447,0
35355,2013-01-20,50,GROCERY I,7124,0
37137,2013-01-21,50,GROCERY I,4553,0
38919,2013-01-22,50,GROCERY I,4105,0
40701,2013-01-23,50,GROCERY I,4475,0
42483,2013-01-24,50,GROCERY I,3683,0
44265,2013-01-25,50,GROCERY I,3919,0
46047,2013-01-26,50,GROCERY I,5577,0
47829,2013-01-27,50,GROCERY I,6270,0
49611,2013-01-28,50,GROCERY I,3807,0
51393,2013-01-29,50,GROCERY I,3483,0
53175,2013-01-30,50,GROCERY I,4158,0
54957,2013-01-31,50,GROCERY I,3553,0
56739,2013-02-01,50,GROCERY I,4984,0
58521,2013-02-02,50,GROCERY I,7053,0
60303,2013-02-03,50,GROCERY I,7402,0
62085,2013-02-04,50,GROCERY I,5793,0
63867,2013-02-05,50,GROCERY I,5366,0
65649,2013-02-06,50,GROCERY I,5104,0
67431,2013-02-07,50,GROCERY I,4276,0
69213,2013-02-08,50,GROCERY I,4811,0
70995,2013-02-09,50,GROCERY I,5706,0
72777,2013-02-10,50,GROCERY I,3065,0
74559,2013-02-11,50,GROCERY I,4014,0
76341,2013-02-12,50,GROCERY I,5418,0
78123,2013-02-13,50,GROCERY I,5208,0
79905,2013-02-14,50,GROCERY I,4343,0
81687,2013-02-15,50,GROCERY I,4539,0
83469,2013-02-16,50,GROCERY I,7664,0
85251,2013-02-17,50,GROCERY I,6170,0
87033,2013-02-18,50,GROCERY I,4746,0
88815,2013-02-19,50,GROCERY I,4097,0
90597,2013-02-20,50,GROCERY I,4449,0
92379,2013-02-21,50,GROCERY I,3834,0
94161,2013-02-22,50,GROCERY I,4036,0
95943,2013-02-23,50,GROCERY I,6353,0
97725,2013-02-24,50,GROCERY I,7453,0
99507,2013-02-25,50,GROCERY I,4214,0
101289,2013-02-26,50,GROCERY I,3649,0
103071,2013-02-27,50,GROCERY I,4328,0
104853,2013-02-28,50,GROCERY I,4069,0
106635,2013-03-01,50,GROCERY I,5416,0
108417,2013-03-02,50,GROCERY I,9501,0
110199,2013-03-03,50,GROCERY I,9066,0
111981,2013-03-04,50,GROCERY I,5347,0
113763,2013-03-05,50,GROCERY I,4637,0
115545,2013-03-06,50,GROCERY I,5052,0
117327,2013-03-07,50,GROCERY I,3881,0
119109,2013-03-08,50,GROCERY I,4150,0
120891,2013-03-09,50,GROCERY I,7190,0
122673,2013-03-10,50,GROCERY I,7487,0
124455,2013-03-11,50,GROCERY I,4717,0
126237,2013-03-12,50,GROCERY I,3918,0
128019,2013-03-13,50,GROCERY I,4242,0
129801,2013-03-14,50,GROCERY I,3471,0
131583,2013-03-15,50,GROCERY I,3884,0
133365,2013-03-16,50,GROCERY I,6881,0
135147,2013-03-17,50,GROCERY I,7565,0
136929,2013-03-18,50,GROCERY I,4791,0
138711,2013-03-19,50,GROCERY I,3813,0
140493,2013-03-20,50,GROCERY I,4642,0
142275,2013-03-21,50,GROCERY I,3639,0
144057,2013-03-22,50,GROCERY I,3819,0
145839,2013-03-23,50,GROCERY I,6896,0
147621,2013-03-24,50,GROCERY I,7366,0
149403,2013-03-25,50,GROCERY I,4370,0
151185,2013-03-26,50,GROCERY I,3553,0
152967,2013-03-27,50,GROCERY I,4650,0
154749,2013-03-28,50,GROCERY I,4275,0
156531,2013-03-29,50,GROCERY I,5060,0
158313,2013-03-30,50,GROCERY I,6836,0
160095,2013-03-31,50,GROCERY I,8043,0
161877,2013-04-01,50,GROCERY I,6288,0
163659,2013-04-02,50,GROCERY I,5520,0
165441,2013-04-03,50,GROCERY I,5412,0
167223,2013-04-04,50,GROCERY I,4456,0
169005,2013-04-05,50,GROCERY I,4660,0
170787,2013-04-06,50,GROCERY I,7698,0
172569,2013-04-07,50,GROCERY I,8190,0
174351,2013-04-08,50,GROCERY I,4895,0
176133,2013-04-09,50,GROCERY I,4209,0
177915,2013-04-10,50,GROCERY I,4701,0
179697,2013-04-11,50,GROCERY I,3487,0
181479,2013-04-12,50,GROCERY I,4086,0
183261,2013-04-13,50,GROCERY I,6436,0
185043,2013-04-14,50,GROCERY I,7126,0
186825,2013-04-15,50,GROCERY I,4326,0
188607,2013-04-16,50,GROCERY I,4571,0
190389,2013-04-17,50,GROCERY I,4640,0
192171,2013-04-18,50,GROCERY I,3168,0
193953,2013-04-19,50,GROCERY I,4216,0
195735,2013-04-20,50,GROCERY I,6376,0
197517,2013-04-21,50,GROCERY I,6892,0
199299,2013-04-22,50,GROCERY I,4281,0
201081,2013-04-23,50,GROCERY I,4269,0
202863,2013-04-24,50,GROCERY I,4707,0
204645,2013-04-25,50,GROCERY I,3690,0
206427,2013-04-26,50,GROCERY I,4117,0
208209,2013-04-27,50,GROCERY I,6608,0
209991,2013-04-28,50,GROCERY I,7401,0
211773,2013-04-29,50,GROCERY I,4461,0
213555,2013-04-30,50,GROCERY I,3992,0
215337,2013-05-01,50,GROCERY I,8780,0
217119,2013-05-02,50,GROCERY I,4963,0
218901,2013-05-03,50,GROCERY I,4847,0
220683,2013-05-04,50,GROCERY I,8003,0
222465,2013-05-05,50,GROCERY I,8693,0
224247,2013-05-06,50,GROCERY I,4963,0
226029,2013-05-07,50,GROCERY I,4511,0
227811,2013-05-08,50,GROCERY I,5194,0
229593,2013-05-09,50,GROCERY I,3928,0
231375,2013-05-10,50,GROCERY I,4399,0
233157,2013-05-11,50,GROCERY I,6298,0
234939,2013-05-12,50,GROCERY I,5009,0
236721,2013-05-13,50,GROCERY I,4412,0
238503,2013-05-14,50,GROCERY I,4069,0
240285,2013-05-15,50,GROCERY I,4707,0
242067,2013-05-16,50,GROCERY I,4619,0
243849,2013-05-17,50,GROCERY I,4125,0
245631,2013-05-18,50,GROCERY I,6485,0
247413,2013-05-19,50,GROCERY I,7491,0
249195,2013-05-20,50,GROCERY I,4413,0
250977,2013-05-21,50,GROCERY I,3518,0
252759,2013-05-22,50,GROCERY I,4604,0
254541,2013-05-23,50,GROCERY I,3712,0
256323,2013-05-24,50,GROCERY I,5431,0
258105,2013-05-25,50,GROCERY I,5481,0
259887,2013-05-26,50,GROCERY I,6329,0
261669,2013-05-27,50,GROCERY I,4105,0
263451,2013-05-28,50,GROCERY I,4119,0
265233,2013-05-29,50,GROCERY I,4053,0
267015,2013-05-30,50,GROCERY I,4193,0
268797,2013-05-31,50,GROCERY I,4627,0
270579,2013-06-01,50,GROCERY I,7841,0
272361,2013-06-02,50,GROCERY I,8256,0
274143,2013-06-03,50,GROCERY I,6160,0
275925,2013-06-04,50,GROCERY I,4825,0
277707,2013-06-05,50,GROCERY I,4978,0
279489,2013-06-06,50,GROCERY I,3909,0
281271,2013-06-07,50,GROCERY I,4651,0
283053,2013-06-08,50,GROCERY I,7119,0
284835,2013-06-09,50,GROCERY I,7770,0
286617,2013-06-10,50,GROCERY I,4723,0
288399,2013-06-11,50,GROCERY I,3798,0
290181,2013-06-12,50,GROCERY I,4507,0
291963,2013-06-13,50,GROCERY I,3620,0
293745,2013-06-14,50,GROCERY I,4665,0
295527,2013-06-15,50,GROCERY I,6168,0
297309,2013-06-16,50,GROCERY I,5953,0
299091,2013-06-17,50,GROCERY I,5212,0
300873,2013-06-18,50,GROCERY I,4110,0
302655,2013-06-19,50,GROCERY I,4831,0
304437,2013-06-20,50,GROCERY I,4113,0
306219,2013-06-21,50,GROCERY I,4301,0
308001,2013-06-22,50,GROCERY I,5988,0
309783,2013-06-23,50,GROCERY I,7377,0
311565,2013-06-24,50,GROCERY I,4139,0
313347,2013-06-25,50,GROCERY I,4028,0
315129,2013-06-26,50,GROCERY I,4713,0
316911,2013-06-27,50,GROCERY I,3493,0
318693,2013-06-28,50,GROCERY I,4141,0
320475,2013-06-29,50,GROCERY I,7344,0
322257,2013-06-30,50,GROCERY I,7683,0
324039,2013-07-01,50,GROCERY I,5858,0
325821,2013-07-02,50,GROCERY I,5708,0
327603,2013-07-03,50,GROCERY I,5152,0
329385,2013-07-04,50,GROCERY I,4615,0
331167,2013-07-05,50,GROCERY I,4634,0
332949,2013-07-06,50,GROCERY I,7079,0
334731,2013-07-07,50,GROCERY I,7701,0
336513,2013-07-08,50,GROCERY I,5568,0
338295,2013-07-09,50,GROCERY I,4477,0
340077,2013-07-10,50,GROCERY I,5115,0
341859,2013-07-11,50,GROCERY I,4309,0
343641,2013-07-12,50,GROCERY I,4103,0
345423,2013-07-13,50,GROCERY I,6461,0
347205,2013-07-14,50,GROCERY I,6567,0
348987,2013-07-15,50,GROCERY I,5033,0
350769,2013-07-16,50,GROCERY I,4810,0
352551,2013-07-17,50,GROCERY I,4572,0
354333,2013-07-18,50,GROCERY I,4571,0
356115,2013-07-19,50,GROCERY I,4084,0
357897,2013-07-20,50,GROCERY I,6022,0
359679,2013-07-21,50,GROCERY I,6434,0
361461,2013-07-22,50,GROCERY I,4764,0
363243,2013-07-23,50,GROCERY I,5088,0
365025,2013-07-24,50,GROCERY I,4636,0
366807,2013-07-25,50,GROCERY I,4568,0
368589,2013-07-26,50,GROCERY I,4492,0
370371,2013-07-27,50,GROCERY I,6083,0
372153,2013-07-28,50,GROCERY I,5979,0
373935,2013-07-29,50,GROCERY I,4808,0
375717,2013-07-30,50,GROCERY I,4597,0
377499,2013-07-31,50,GROCERY I,5974,0
379281,2013-08-01,50,GROCERY I,5616,0
381063,2013-08-02,50,GROCERY I,5810,0
382845,2013-08-03,50,GROCERY I,6878,0
384627,2013-08-04,50,GROCERY I,7046,0
386409,2013-08-05,50,GROCERY I,6534,0
388191,2013-08-06,50,GROCERY I,5303,0
389973,2013-08-07,50,GROCERY I,6142,0
391755,2013-08-08,50,GROCERY I,4392,0
393537,2013-08-09,50,GROCERY I,4379,0
395319,2013-08-10,50,GROCERY I,5771,0
397101,2013-08-11,50,GROCERY I,5675,0
398883,2013-08-12,50,GROCERY I,4507,0
400665,2013-08-13,50,GROCERY I,4398,0
402447,2013-08-14,50,GROCERY I,4378,0
404229,2013-08-15,50,GROCERY I,4719,0
406011,2013-08-16,50,GROCERY I,4590,0
407793,2013-08-17,50,GROCERY I,6153,0
409575,2013-08-18,50,GROCERY I,6274,0
411357,2013-08-19,50,GROCERY I,5059,0
413139,2013-08-20,50,GROCERY I,4618,0
414921,2013-08-21,50,GROCERY I,4349,0
416703,2013-08-22,50,GROCERY I,4294,0
418485,2013-08-23,50,GROCERY I,4138,0
420267,2013-08-24,50,GROCERY I,5835,0
422049,2013-08-25,50,GROCERY I,5951,0
423831,2013-08-26,50,GROCERY I,4887,0
425613,2013-08-27,50,GROCERY I,4408,0
427395,2013-08-28,50,GROCERY I,4989,0
429177,2013-08-29,50,GROCERY I,4239,0
430959,2013-08-30,50,GROCERY I,4470,0
432741,2013-08-31,50,GROCERY I,7929,0
434523,2013-09-01,50,GROCERY I,9184,0
436305,2013-09-02,50,GROCERY I,7415,0
438087,2013-09-03,50,GROCERY I,6151,0
439869,2013-09-04,50,GROCERY I,5744,0
441651,2013-09-05,50,GROCERY I,4419,0
443433,2013-09-06,50,GROCERY I,4067,0
445215,2013-09-07,50,GROCERY I,7496,0
446997,2013-09-08,50,GROCERY I,8215,0
448779,2013-09-09,50,GROCERY I,5055,0
450561,2013-09-10,50,GROCERY I,4519,0
452343,2013-09-11,50,GROCERY I,4402,0
454125,2013-09-12,50,GROCERY I,3404,0
455907,2013-09-13,50,GROCERY I,4046,0
457689,2013-09-14,50,GROCERY I,6573,0
459471,2013-09-15,50,GROCERY I,7372,0
461253,2013-09-16,50,GROCERY I,4452,0
463035,2013-09-17,50,GROCERY I,4146,0
464817,2013-09-18,50,GROCERY I,4442,0
466599,2013-09-19,50,GROCERY I,3308,0
468381,2013-09-20,50,GROCERY I,4547,0
470163,2013-09-21,50,GROCERY I,7008,0
471945,2013-09-22,50,GROCERY I,7632,0
473727,2013-09-23,50,GROCERY I,4800,0
475509,2013-09-24,50,GROCERY I,3711,0
477291,2013-09-25,50,GROCERY I,4108,0
479073,2013-09-26,50,GROCERY I,3180,0
480855,2013-09-27,50,GROCERY I,3780,0
482637,2013-09-28,50,GROCERY I,6921,0
484419,2013-09-29,50,GROCERY I,7958,0
486201,2013-09-30,50,GROCERY I,5067,0
487983,2013-10-01,50,GROCERY I,6210,0
489765,2013-10-02,50,GROCERY I,6008,0
491547,2013-10-03,50,GROCERY I,4706,0
493329,2013-10-04,50,GROCERY I,5077,0
495111,2013-10-05,50,GROCERY I,8260,0
496893,2013-10-06,50,GROCERY I,8649,0
498675,2013-10-07,50,GROCERY I,5057,0
500457,2013-10-08,50,GROCERY I,4659,0
502239,2013-10-09,50,GROCERY I,4485,0
504021,2013-10-10,50,GROCERY I,3696,0
505803,2013-10-11,50,GROCERY I,6002,0
507585,2013-10-12,50,GROCERY I,6308,0
509367,2013-10-13,50,GROCERY I,6898,0
511149,2013-10-14,50,GROCERY I,4264,0
512931,2013-10-15,50,GROCERY I,3384,0
514713,2013-10-16,50,GROCERY I,5449,0
516495,2013-10-17,50,GROCERY I,3784,0
518277,2013-10-18,50,GROCERY I,4469,0
520059,2013-10-19,50,GROCERY I,7426,0
521841,2013-10-20,50,GROCERY I,7377,0
523623,2013-10-21,50,GROCERY I,4300,0
525405,2013-10-22,50,GROCERY I,3723,0
527187,2013-10-23,50,GROCERY I,4936,0
528969,2013-10-24,50,GROCERY I,3413,0
530751,2013-10-25,50,GROCERY I,3913,0
532533,2013-10-26,50,GROCERY I,6645,0
534315,2013-10-27,50,GROCERY I,7830,0
536097,2013-10-28,50,GROCERY I,4426,0
537879,2013-10-29,50,GROCERY I,3562,0
539661,2013-10-30,50,GROCERY I,4357,0
541443,2013-10-31,50,GROCERY I,3186,0
543225,2013-11-01,50,GROCERY I,4027,0
545007,2013-11-02,50,GROCERY I,5720,0
546789,2013-11-03,50,GROCERY I,6623,0
548571,2013-11-04,50,GROCERY I,4838,0
550353,2013-11-05,50,GROCERY I,4755,0
552135,2013-11-06,50,GROCERY I,4637,0
553917,2013-11-07,50,GROCERY I,3006,0
555699,2013-11-08,50,GROCERY I,4043,0
557481,2013-11-09,50,GROCERY I,6273,0
559263,2013-11-10,50,GROCERY I,6953,0
561045,2013-11-11,50,GROCERY I,4054,0
562827,2013-11-12,50,GROCERY I,5011,0
564609,2013-11-13,50,GROCERY I,3888,0
566391,2013-11-14,50,GROCERY I,2961,0
568173,2013-11-15,50,GROCERY I,3951,0
569955,2013-11-16,50,GROCERY I,6776,0
571737,2013-11-17,50,GROCERY I,6767,0
573519,2013-11-18,50,GROCERY I,4147,0
575301,2013-11-19,50,GROCERY I,3891,0
577083,2013-11-20,50,GROCERY I,4001,0
578865,2013-11-21,50,GROCERY I,3552,0
580647,2013-11-22,50,GROCERY I,4121,0
582429,2013-11-23,50,GROCERY I,5931,0
584211,2013-11-24,50,GROCERY I,7020,0
585993,2013-11-25,50,GROCERY I,5222,0
587775,2013-11-26,50,GROCERY I,3448,0
589557,2013-11-27,50,GROCERY I,4441,0
591339,2013-11-28,50,GROCERY I,4591,0
593121,2013-11-29,50,GROCERY I,4353,0
594903,2013-11-30,50,GROCERY I,7484,0
596685,2013-12-01,50,GROCERY I,8928,0
598467,2013-12-02,50,GROCERY I,5613,0
600249,2013-12-03,50,GROCERY I,5017,0
602031,2013-12-04,50,GROCERY I,7657,0
603813,2013-12-05,50,GROCERY I,5642,0
605595,2013-12-06,50,GROCERY I,5006,0
607377,2013-12-07,50,GROCERY I,8347,0
609159,2013-12-08,50,GROCERY I,8749,0
610941,2013-12-09,50,GROCERY I,6588,0
612723,2013-12-10,50,GROCERY I,5064,0
614505,2013-12-11,50,GROCERY I,5252,0
616287,2013-12-12,50,GROCERY I,4409,0
618069,2013-12-13,50,GROCERY I,5983,0
619851,2013-12-14,50,GROCERY I,7987,0
621633,2013-12-15,50,GROCERY I,9181,0
623415,2013-12-16,50,GROCERY I,7222,0
625197,2013-12-17,50,GROCERY I,5891,0
626979,2013-12-18,50,GROCERY I,9133,0
628761,2013-12-19,50,GROCERY I,9545,0
630543,2013-12-20,50,GROCERY I,8265,0
632325,2013-12-21,50,GROCERY I,8885,0
634107,2013-12-22,50,GROCERY I,11000,0
635889,2013-12-23,50,GROCERY I,10671,0
637671,2013-12-24,50,GROCERY I,8664,0
639453,2013-12-26,50,GROCERY I,6714,0
641235,2013-12-27,50,GROCERY I,5724,0
643017,2013-12-28,50,GROCERY I,7175,0
644799,2013-12-29,50,GROCERY I,6509,0
646581,2013-12-30,50,GROCERY I,7918,0
648363,2013-12-31,50,GROCERY I,4571,0
650145,2014-01-01,50,GROCERY I,0,0
651927,2014-01-02,50,GROCERY I,7227,0
653709,2014-01-03,50,GROCERY I,5608,0
655491,2014-01-04,50,GROCERY I,9156,0
657273,2014-01-05,50,GROCERY I,8008,0
659055,2014-01-06,50,GROCERY I,5155,0
660837,2014-01-07,50,GROCERY I,4631,0
662619,2014-01-08,50,GROCERY I,5126,0
664401,2014-01-09,50,GROCERY I,3912,0
666183,2014-01-10,50,GROCERY I,3963,0
667965,2014-01-11,50,GROCERY I,6591,0
669747,2014-01-12,50,GROCERY I,6839,0
671529,2014-01-13,50,GROCERY I,4162,0
673311,2014-01-14,50,GROCERY I,3822,0
675093,2014-01-15,50,GROCERY I,4498,0
676875,2014-01-16,50,GROCERY I,4404,0
678657,2014-01-17,50,GROCERY I,4539,0
680439,2014-01-18,50,GROCERY I,6782,0
682221,2014-01-19,50,GROCERY I,6706,0
684003,2014-01-20,50,GROCERY I,4696,0
685785,2014-01-21,50,GROCERY I,3865,0
687567,2014-01-22,50,GROCERY I,4387,0
689349,2014-01-23,50,GROCERY I,3628,0
691131,2014-01-24,50,GROCERY I,4129,0
692913,2014-01-25,50,GROCERY I,6869,0
694695,2014-01-26,50,GROCERY I,6223,0
696477,2014-01-27,50,GROCERY I,4162,0
698259,2014-01-28,50,GROCERY I,3930,0
700041,2014-01-29,50,GROCERY I,4173,0
701823,2014-01-30,50,GROCERY I,4153,0
703605,2014-01-31,50,GROCERY I,4735,0
705387,2014-02-01,50,GROCERY I,7980,0
707169,2014-02-02,50,GROCERY I,7574,0
708951,2014-02-03,50,GROCERY I,5542,0
710733,2014-02-04,50,GROCERY I,4905,0
712515,2014-02-05,50,GROCERY I,5139,0
714297,2014-02-06,50,GROCERY I,4017,0
716079,2014-02-07,50,GROCERY I,4319,0
717861,2014-02-08,50,GROCERY I,6580,0
719643,2014-02-09,50,GROCERY I,6456,0
721425,2014-02-10,50,GROCERY I,5196,0
723207,2014-02-11,50,GROCERY I,4425,0
724989,2014-02-12,50,GROCERY I,5498,0
726771,2014-02-13,50,GROCERY I,4119,0
728553,2014-02-14,50,GROCERY I,4047,0
730335,2014-02-15,50,GROCERY I,5465,0
732117,2014-02-16,50,GROCERY I,6922,0
733899,2014-02-17,50,GROCERY I,4543,0
735681,2014-02-18,50,GROCERY I,4005,0
737463,2014-02-19,50,GROCERY I,4375,0
739245,2014-02-20,50,GROCERY I,3588,0
741027,2014-02-21,50,GROCERY I,4256,0
742809,2014-02-22,50,GROCERY I,6871,0
744591,2014-02-23,50,GROCERY I,5987,0
746373,2014-02-24,50,GROCERY I,5173,0
748155,2014-02-25,50,GROCERY I,4069,0
749937,2014-02-26,50,GROCERY I,5095,0
751719,2014-02-27,50,GROCERY I,3813,0
753501,2014-02-28,50,GROCERY I,4734,0
755283,2014-03-01,50,GROCERY I,6717,0
757065,2014-03-02,50,GROCERY I,4614,0
758847,2014-03-03,50,GROCERY I,5630,0
760629,2014-03-04,50,GROCERY I,6937,0
762411,2014-03-05,50,GROCERY I,6683,0
764193,2014-03-06,50,GROCERY I,5215,0
765975,2014-03-07,50,GROCERY I,5342,0
767757,2014-03-08,50,GROCERY I,7055,0
769539,2014-03-09,50,GROCERY I,9032,0
771321,2014-03-10,50,GROCERY I,5231,0
773103,2014-03-11,50,GROCERY I,4021,0
774885,2014-03-12,50,GROCERY I,4343,0
776667,2014-03-13,50,GROCERY I,3669,0
778449,2014-03-14,50,GROCERY I,4756,0
780231,2014-03-15,50,GROCERY I,6679,0
782013,2014-03-16,50,GROCERY I,7854.295,0
783795,2014-03-17,50,GROCERY I,4723,0
785577,2014-03-18,50,GROCERY I,4399,0
787359,2014-03-19,50,GROCERY I,4473,0
789141,2014-03-20,50,GROCERY I,3984,0
790923,2014-03-21,50,GROCERY I,4330,0
792705,2014-03-22,50,GROCERY I,7387,0
794487,2014-03-23,50,GROCERY I,7577,0
796269,2014-03-24,50,GROCERY I,4587,0
798051,2014-03-25,50,GROCERY I,3972,0
799833,2014-03-26,50,GROCERY I,4397,0
801615,2014-03-27,50,GROCERY I,3760,0
803397,2014-03-28,50,GROCERY I,4687,0
805179,2014-03-29,50,GROCERY I,8158,0
806961,2014-03-30,50,GROCERY I,8469,0
808743,2014-03-31,50,GROCERY I,5417,0
810525,2014-04-01,50,GROCERY I,5920,0
812307,2014-04-02,50,GROCERY I,5456,0
814089,2014-04-03,50,GROCERY I,4372,0
815871,2014-04-04,50,GROCERY I,5493,0
817653,2014-04-05,50,GROCERY I,8730,0
819435,2014-04-06,50,GROCERY I,9758,0
821217,2014-04-07,50,GROCERY I,5525,0
822999,2014-04-08,50,GROCERY I,4872,0
824781,2014-04-09,50,GROCERY I,5056,0
826563,2014-04-10,50,GROCERY I,3880,0
828345,2014-04-11,50,GROCERY I,4347,0
830127,2014-04-12,50,GROCERY I,7050,0
831909,2014-04-13,50,GROCERY I,7839,0
833691,2014-04-14,50,GROCERY I,4615,0
835473,2014-04-15,50,GROCERY I,3990,0
837255,2014-04-16,50,GROCERY I,5012,0
839037,2014-04-17,50,GROCERY I,4471,0
840819,2014-04-18,50,GROCERY I,4956,0
842601,2014-04-19,50,GROCERY I,6841,0
844383,2014-04-20,50,GROCERY I,6636,0
846165,2014-04-21,50,GROCERY I,4740,0
847947,2014-04-22,50,GROCERY I,4343,0
849729,2014-04-23,50,GROCERY I,4836,0
851511,2014-04-24,50,GROCERY I,4092,0
853293,2014-04-25,50,GROCERY I,4704,0
855075,2014-04-26,50,GROCERY I,7282,0
856857,2014-04-27,50,GROCERY I,7787,0
858639,2014-04-28,50,GROCERY I,3898,0
860421,2014-04-29,50,GROCERY I,3832,0
862203,2014-04-30,50,GROCERY I,4559,0
863985,2014-05-01,50,GROCERY I,7961,0
865767,2014-05-02,50,GROCERY I,6074,0
867549,2014-05-03,50,GROCERY I,8117,0
869331,2014-05-04,50,GROCERY I,8579,0
871113,2014-05-05,50,GROCERY I,4813,0
872895,2014-05-06,50,GROCERY I,4338,0
874677,2014-05-07,50,GROCERY I,5225,0
876459,2014-05-08,50,GROCERY I,4342,0
878241,2014-05-09,50,GROCERY I,4730,0
880023,2014-05-10,50,GROCERY I,6830,0
881805,2014-05-11,50,GROCERY I,5311,0
883587,2014-05-12,50,GROCERY I,4509,0
885369,2014-05-13,50,GROCERY I,4046,0
887151,2014-05-14,50,GROCERY I,4273,0
888933,2014-05-15,50,GROCERY I,3324,0
890715,2014-05-16,50,GROCERY I,4362,0
892497,2014-05-17,50,GROCERY I,6729,0
894279,2014-05-18,50,GROCERY I,7945,0
896061,2014-05-19,50,GROCERY I,4297,0
897843,2014-05-20,50,GROCERY I,4063,0
899625,2014-05-21,50,GROCERY I,4211,0
901407,2014-05-22,50,GROCERY I,3418,0
903189,2014-05-23,50,GROCERY I,4234,0
904971,2014-05-24,50,GROCERY I,6793,0
906753,2014-05-25,50,GROCERY I,7508,0
908535,2014-05-26,50,GROCERY I,4330,0
910317,2014-05-27,50,GROCERY I,4232,0
912099,2014-05-28,50,GROCERY I,4212,0
913881,2014-05-29,50,GROCERY I,3796,0
915663,2014-05-30,50,GROCERY I,4406,0
917445,2014-05-31,50,GROCERY I,7299,0
919227,2014-06-01,50,GROCERY I,8744,0
921009,2014-06-02,50,GROCERY I,6318,0
922791,2014-06-03,50,GROCERY I,5029,0
924573,2014-06-04,50,GROCERY I,4844,0
926355,2014-06-05,50,GROCERY I,4199,0
928137,2014-06-06,50,GROCERY I,4876,0
929919,2014-06-07,50,GROCERY I,7347,0
931701,2014-06-08,50,GROCERY I,7697,0
933483,2014-06-09,50,GROCERY I,4760,0
935265,2014-06-10,50,GROCERY I,4092,0
937047,2014-06-11,50,GROCERY I,4573,0
938829,2014-06-12,50,GROCERY I,4126,0
940611,2014-06-13,50,GROCERY I,4448,0
942393,2014-06-14,50,GROCERY I,7368,0
944175,2014-06-15,50,GROCERY I,5678,0
945957,2014-06-16,50,GROCERY I,5334,0
947739,2014-06-17,50,GROCERY I,4304,0
949521,2014-06-18,50,GROCERY I,4258,0
951303,2014-06-19,50,GROCERY I,3561,0
953085,2014-06-20,50,GROCERY I,4026,0
954867,2014-06-21,50,GROCERY I,7329,0
956649,2014-06-22,50,GROCERY I,8307,0
958431,2014-06-23,50,GROCERY I,5039,0
960213,2014-06-24,50,GROCERY I,4285,0
961995,2014-06-25,50,GROCERY I,4231,0
963777,2014-06-26,50,GROCERY I,3949,0
965559,2014-06-27,50,GROCERY I,4337,0
967341,2014-06-28,50,GROCERY I,7009,0
969123,2014-06-29,50,GROCERY I,7261,0
970905,2014-06-30,50,GROCERY I,5329,1
972687,2014-07-01,50,GROCERY I,5676,4
974469,2014-07-02,50,GROCERY I,5682,4
976251,2014-07-03,50,GROCERY I,4983,3
978033,2014-07-04,50,GROCERY I,5104,6
979815,2014-07-05,50,GROCERY I,7523,5
981597,2014-07-06,50,GROCERY I,8276,7
983379,2014-07-07,50,GROCERY I,5557,6
985161,2014-07-08,50,GROCERY I,5193,3
986943,2014-07-09,50,GROCERY I,4205,5
988725,2014-07-10,50,GROCERY I,4327,2
990507,2014-07-11,50,GROCERY I,4602,10
992289,2014-07-12,50,GROCERY I,6578,4
994071,2014-07-13,50,GROCERY I,6681,19
995853,2014-07-14,50,GROCERY I,5150,3
997635,2014-07-15,50,GROCERY I,4802,4
999417,2014-07-16,50,GROCERY I,4468,6
1001199,2014-07-17,50,GROCERY I,3730,8
1002981,2014-07-18,50,GROCERY I,4471,12
1004763,2014-07-19,50,GROCERY I,6316,23
1006545,2014-07-20,50,GROCERY I,6539,7
1008327,2014-07-21,50,GROCERY I,5107,6
1010109,2014-07-22,50,GROCERY I,4486,9
1011891,2014-07-23,50,GROCERY I,5062,4
1013673,2014-07-24,50,GROCERY I,4344,6
1015455,2014-07-25,50,GROCERY I,4571,5
1017237,2014-07-26,50,GROCERY I,6212,7
1019019,2014-07-27,50,GROCERY I,6158,4
1020801,2014-07-28,50,GROCERY I,4676,10
1022583,2014-07-29,50,GROCERY I,4092,4
1024365,2014-07-30,50,GROCERY I,4613,4
1026147,2014-07-31,50,GROCERY I,4103,2
1027929,2014-08-01,50,GROCERY I,6022,7
1029711,2014-08-02,50,GROCERY I,7765,9
1031493,2014-08-03,50,GROCERY I,7225,5
1033275,2014-08-04,50,GROCERY I,5757,2
1035057,2014-08-05,50,GROCERY I,5999,4
1036839,2014-08-06,50,GROCERY I,4936,8
1038621,2014-08-07,50,GROCERY I,4248,12
1040403,2014-08-08,50,GROCERY I,4729,5
1042185,2014-08-09,50,GROCERY I,6583,11
1043967,2014-08-10,50,GROCERY I,6145,12
1045749,2014-08-11,50,GROCERY I,4915,10
1047531,2014-08-12,50,GROCERY I,4756,10
1049313,2014-08-13,50,GROCERY I,4737,17
1051095,2014-08-14,50,GROCERY I,4122,8
1052877,2014-08-15,50,GROCERY I,4417,6
1054659,2014-08-16,50,GROCERY I,6617,11
1056441,2014-08-17,50,GROCERY I,6101,9
1058223,2014-08-18,50,GROCERY I,5374,8
1060005,2014-08-19,50,GROCERY I,4612,9
1061787,2014-08-20,50,GROCERY I,4895,9
1063569,2014-08-21,50,GROCERY I,4280,9
1065351,2014-08-22,50,GROCERY I,4082,14
1067133,2014-08-23,50,GROCERY I,6087,11
1068915,2014-08-24,50,GROCERY I,6583,10
1070697,2014-08-25,50,GROCERY I,5055,7
1072479,2014-08-26,50,GROCERY I,4407,4
1074261,2014-08-27,50,GROCERY I,4960,5
1076043,2014-08-28,50,GROCERY I,3989,8
1077825,2014-08-29,50,GROCERY I,4695,4
1079607,2014-08-30,50,GROCERY I,7312,6
1081389,2014-08-31,50,GROCERY I,8172,6
1083171,2014-09-01,50,GROCERY I,7649,2
1084953,2014-09-02,50,GROCERY I,6552,3
1086735,2014-09-03,50,GROCERY I,5670,2
1088517,2014-09-04,50,GROCERY I,4608,4
1090299,2014-09-05,50,GROCERY I,4766,3
1092081,2014-09-06,50,GROCERY I,8286,1
1093863,2014-09-07,50,GROCERY I,8593,3
1095645,2014-09-08,50,GROCERY I,5014,2
1097427,2014-09-09,50,GROCERY I,4125,4
1099209,2014-09-10,50,GROCERY I,4189,4
1100991,2014-09-11,50,GROCERY I,3803,10
1102773,2014-09-12,50,GROCERY I,4565,13
1104555,2014-09-13,50,GROCERY I,6467,6
1106337,2014-09-14,50,GROCERY I,7078,9
1108119,2014-09-15,50,GROCERY I,4349,7
1109901,2014-09-16,50,GROCERY I,4597,4
1111683,2014-09-17,50,GROCERY I,4445,7
1113465,2014-09-18,50,GROCERY I,3639,6
1115247,2014-09-19,50,GROCERY I,4530,5
1117029,2014-09-20,50,GROCERY I,6412,3
1118811,2014-09-21,50,GROCERY I,6760,11
1120593,2014-09-22,50,GROCERY I,4328,3
1122375,2014-09-23,50,GROCERY I,4157,4
1124157,2014-09-24,50,GROCERY I,4106,6
1125939,2014-09-25,50,GROCERY I,3084,4
1127721,2014-09-26,50,GROCERY I,3858,5
1129503,2014-09-27,50,GROCERY I,6523,3
1131285,2014-09-28,50,GROCERY I,7524,7
1133067,2014-09-29,50,GROCERY I,4524,4
1134849,2014-09-30,50,GROCERY I,4576,4
1136631,2014-10-01,50,GROCERY I,5834,6
1138413,2014-10-02,50,GROCERY I,4760,2
1140195,2014-10-03,50,GROCERY I,5377,6
1141977,2014-10-04,50,GROCERY I,9346,6
1143759,2014-10-05,50,GROCERY I,9013,8
1145541,2014-10-06,50,GROCERY I,5593,6
1147323,2014-10-07,50,GROCERY I,4094,6
1149105,2014-10-08,50,GROCERY I,4610,6
1150887,2014-10-09,50,GROCERY I,3809,1
1152669,2014-10-10,50,GROCERY I,6600,9
1154451,2014-10-11,50,GROCERY I,6348,11
1156233,2014-10-12,50,GROCERY I,6840,6
1158015,2014-10-13,50,GROCERY I,3967,4
1159797,2014-10-14,50,GROCERY I,3850,7
1161579,2014-10-15,50,GROCERY I,4077,9
1163361,2014-10-16,50,GROCERY I,3495,6
1165143,2014-10-17,50,GROCERY I,4208,4
1166925,2014-10-18,50,GROCERY I,7229,3
1168707,2014-10-19,50,GROCERY I,7119,4
1170489,2014-10-20,50,GROCERY I,4703,5
1172271,2014-10-21,50,GROCERY I,3672,5
1174053,2014-10-22,50,GROCERY I,3982,4
1175835,2014-10-23,50,GROCERY I,3621,14
1177617,2014-10-24,50,GROCERY I,4495,5
1179399,2014-10-25,50,GROCERY I,6316,6
1181181,2014-10-26,50,GROCERY I,7687,11
1182963,2014-10-27,50,GROCERY I,4298,5
1184745,2014-10-28,50,GROCERY I,3479,3
1186527,2014-10-29,50,GROCERY I,4065,1
1188309,2014-10-30,50,GROCERY I,3376,7
1190091,2014-10-31,50,GROCERY I,3691,6
1191873,2014-11-01,50,GROCERY I,5735,9
1193655,2014-11-02,50,GROCERY I,5508,11
1195437,2014-11-03,50,GROCERY I,8982,11
1197219,2014-11-04,50,GROCERY I,5398,7
1199001,2014-11-05,50,GROCERY I,5532,11
1200783,2014-11-06,50,GROCERY I,4129,18
1202565,2014-11-07,50,GROCERY I,4760,10
1204347,2014-11-08,50,GROCERY I,7598,5
1206129,2014-11-09,50,GROCERY I,8562,11
1207911,2014-11-10,50,GROCERY I,4766,9
1209693,2014-11-11,50,GROCERY I,3992,9
1211475,2014-11-12,50,GROCERY I,5403,11
1213257,2014-11-13,50,GROCERY I,3469,13
1215039,2014-11-14,50,GROCERY I,4428,13
1216821,2014-11-15,50,GROCERY I,7073,15
1218603,2014-11-16,50,GROCERY I,8341,16
1220385,2014-11-17,50,GROCERY I,4799,10
1222167,2014-11-18,50,GROCERY I,4048,12
1223949,2014-11-19,50,GROCERY I,4151,19
1225731,2014-11-20,50,GROCERY I,3651,14
1227513,2014-11-21,50,GROCERY I,4618,14
1229295,2014-11-22,50,GROCERY I,6593,8
1231077,2014-11-23,50,GROCERY I,8040,13
1232859,2014-11-24,50,GROCERY I,4687,18
1234641,2014-11-25,50,GROCERY I,4014,19
1236423,2014-11-26,50,GROCERY I,3617,11
1238205,2014-11-27,50,GROCERY I,4104,12
1239987,2014-11-28,50,GROCERY I,5594,10
1241769,2014-11-29,50,GROCERY I,8223,19
1243551,2014-11-30,50,GROCERY I,9959,13
1245333,2014-12-01,50,GROCERY I,6959,19
1247115,2014-12-02,50,GROCERY I,6449,18
1248897,2014-12-03,50,GROCERY I,8562,14
1250679,2014-12-04,50,GROCERY I,5046,16
1252461,2014-12-05,50,GROCERY I,5601,11
1254243,2014-12-06,50,GROCERY I,8020,12
1256025,2014-12-07,50,GROCERY I,9624,12
1257807,2014-12-08,50,GROCERY I,5555,12
1259589,2014-12-09,50,GROCERY I,5866,12
1261371,2014-12-10,50,GROCERY I,7076,13
1263153,2014-12-11,50,GROCERY I,6221,19
1264935,2014-12-12,50,GROCERY I,7053,12
1266717,2014-12-13,50,GROCERY I,9191,10
1268499,2014-12-14,50,GROCERY I,10450,11
1270281,2014-12-15,50,GROCERY I,6753,4
1272063,2014-12-16,50,GROCERY I,8265,9
1273845,2014-12-17,50,GROCERY I,7740,7
1275627,2014-12-18,50,GROCERY I,8959,15
1277409,2014-12-19,50,GROCERY I,7396,15
1279191,2014-12-20,50,GROCERY I,9397,9
1280973,2014-12-21,50,GROCERY I,12062,8
1282755,2014-12-22,50,GROCERY I,10661,9
1284537,2014-12-23,50,GROCERY I,10938,8
1286319,2014-12-24,50,GROCERY I,8774,8
1288101,2014-12-26,50,GROCERY I,9487,16
1289883,2014-12-27,50,GROCERY I,7166,20
1291665,2014-12-28,50,GROCERY I,6150,20
1293447,2014-12-29,50,GROCERY I,6924,19
1295229,2014-12-30,50,GROCERY I,8507,10
1297011,2014-12-31,50,GROCERY I,4664,20
1298793,2015-01-01,50,GROCERY I,0,0
1300575,2015-01-02,50,GROCERY I,8464,21
1302357,2015-01-03,50,GROCERY I,8694,17
1304139,2015-01-04,50,GROCERY I,8603,21
1305921,2015-01-05,50,GROCERY I,6328,19
1307703,2015-01-06,50,GROCERY I,5170,19
1309485,2015-01-07,50,GROCERY I,5558,18
1311267,2015-01-08,50,GROCERY I,4498,3
1313049,2015-01-09,50,GROCERY I,5220,2
1314831,2015-01-10,50,GROCERY I,6482,4
1316613,2015-01-11,50,GROCERY I,7729,9
1318395,2015-01-12,50,GROCERY I,4940,9
1320177,2015-01-13,50,GROCERY I,4381,14
1321959,2015-01-14,50,GROCERY I,4182,14
1323741,2015-01-15,50,GROCERY I,3696,3
1325523,2015-01-16,50,GROCERY I,4115,3
1327305,2015-01-17,50,GROCERY I,6873,0
1329087,2015-01-18,50,GROCERY I,7783,0
1330869,2015-01-19,50,GROCERY I,4568,0
1332651,2015-01-20,50,GROCERY I,4372,7
1334433,2015-01-21,50,GROCERY I,4608,7
1336215,2015-01-22,50,GROCERY I,4040,2
1337997,2015-01-23,50,GROCERY I,4518,0
1339779,2015-01-24,50,GROCERY I,6536,3
1341561,2015-01-25,50,GROCERY I,7665,5
1343343,2015-01-26,50,GROCERY I,4356,1
1345125,2015-01-27,50,GROCERY I,3979,5
1346907,2015-01-28,50,GROCERY I,4241,3
1348689,2015-01-29,50,GROCERY I,3543,3
1350471,2015-01-30,50,GROCERY I,4218,5
1352253,2015-01-31,50,GROCERY I,7734,4
1354035,2015-02-01,50,GROCERY I,9712,5
1355817,2015-02-02,50,GROCERY I,6158,5
1357599,2015-02-03,50,GROCERY I,5041,5
1359381,2015-02-04,50,GROCERY I,4830,11
1361163,2015-02-05,50,GROCERY I,4343,7
1362945,2015-02-06,50,GROCERY I,4701,4
1364727,2015-02-07,50,GROCERY I,7586,4
1366509,2015-02-08,50,GROCERY I,7755,5
1368291,2015-02-09,50,GROCERY I,5310,5
1370073,2015-02-10,50,GROCERY I,4829,3
1371855,2015-02-11,50,GROCERY I,5390,3
1373637,2015-02-12,50,GROCERY I,4315,5
1375419,2015-02-13,50,GROCERY I,5386,4
1377201,2015-02-14,50,GROCERY I,4949,6
1378983,2015-02-15,50,GROCERY I,3604,4
1380765,2015-02-16,50,GROCERY I,4920,3
1382547,2015-02-17,50,GROCERY I,5073,4
1384329,2015-02-18,50,GROCERY I,6318,4
1386111,2015-02-19,50,GROCERY I,5141,5
1387893,2015-02-20,50,GROCERY I,5711,5
1389675,2015-02-21,50,GROCERY I,6803,9
1391457,2015-02-22,50,GROCERY I,8570,6
1393239,2015-02-23,50,GROCERY I,5527,7
1395021,2015-02-24,50,GROCERY I,4948,5
1396803,2015-02-25,50,GROCERY I,4220,7
1398585,2015-02-26,50,GROCERY I,3868,7
1400367,2015-02-27,50,GROCERY I,4934,7
1402149,2015-02-28,50,GROCERY I,7640,8
1403931,2015-03-01,50,GROCERY I,9981,15
1405713,2015-03-02,50,GROCERY I,6616,8
1407495,2015-03-03,50,GROCERY I,5547,8
1409277,2015-03-04,50,GROCERY I,4983,7
1411059,2015-03-05,50,GROCERY I,4380,7
1412841,2015-03-06,50,GROCERY I,5443,13
1414623,2015-03-07,50,GROCERY I,9023,15
1416405,2015-03-08,50,GROCERY I,8873,14
1418187,2015-03-09,50,GROCERY I,6056,9
1419969,2015-03-10,50,GROCERY I,5855,19
1421751,2015-03-11,50,GROCERY I,5088,10
1423533,2015-03-12,50,GROCERY I,4103,10
1425315,2015-03-13,50,GROCERY I,4543,22
1427097,2015-03-14,50,GROCERY I,7615,17
1428879,2015-03-15,50,GROCERY I,7639,13
1430661,2015-03-16,50,GROCERY I,5133,11
1432443,2015-03-17,50,GROCERY I,4553,8
1434225,2015-03-18,50,GROCERY I,4499,17
1436007,2015-03-19,50,GROCERY I,3478,12
1437789,2015-03-20,50,GROCERY I,4930,12
1439571,2015-03-21,50,GROCERY I,6831,14
1441353,2015-03-22,50,GROCERY I,7838,10
1443135,2015-03-23,50,GROCERY I,4655,8
1444917,2015-03-24,50,GROCERY I,4429,6
1446699,2015-03-25,50,GROCERY I,4305,8
1448481,2015-03-26,50,GROCERY I,4241,5
1450263,2015-03-27,50,GROCERY I,4637,8
1452045,2015-03-28,50,GROCERY I,7309,12
1453827,2015-03-29,50,GROCERY I,8384,10
1455609,2015-03-30,50,GROCERY I,4789,13
1457391,2015-03-31,50,GROCERY I,4849,12
1459173,2015-04-01,50,GROCERY I,6731,18
1460955,2015-04-02,50,GROCERY I,6182,4
1462737,2015-04-03,50,GROCERY I,5990,7
1464519,2015-04-04,50,GROCERY I,8623,8
1466301,2015-04-05,50,GROCERY I,8911,7
1468083,2015-04-06,50,GROCERY I,6079,7
1469865,2015-04-07,50,GROCERY I,5702,7
1471647,2015-04-08,50,GROCERY I,5889,7
1473429,2015-04-09,50,GROCERY I,4180,5
1475211,2015-04-10,50,GROCERY I,4455,14
1476993,2015-04-11,50,GROCERY I,8418,8
1478775,2015-04-12,50,GROCERY I,8934,9
1480557,2015-04-13,50,GROCERY I,5267,6
1482339,2015-04-14,50,GROCERY I,4382,7
1484121,2015-04-15,50,GROCERY I,4290,7
1485903,2015-04-16,50,GROCERY I,4747,14
1487685,2015-04-17,50,GROCERY I,5407,10
1489467,2015-04-18,50,GROCERY I,6880,20
1491249,2015-04-19,50,GROCERY I,7942,13
1493031,2015-04-20,50,GROCERY I,5320,11
1494813,2015-04-21,50,GROCERY I,4649,17
1496595,2015-04-22,50,GROCERY I,4663,18
1498377,2015-04-23,50,GROCERY I,4606,24
1500159,2015-04-24,50,GROCERY I,4822,17
1501941,2015-04-25,50,GROCERY I,7604,21
1503723,2015-04-26,50,GROCERY I,7943,21
1505505,2015-04-27,50,GROCERY I,4985,24
1507287,2015-04-28,50,GROCERY I,4069,18
1509069,2015-04-29,50,GROCERY I,4787,15
1510851,2015-04-30,50,GROCERY I,4751,20
1512633,2015-05-01,50,GROCERY I,9332,21
1514415,2015-05-02,50,GROCERY I,9271,18
1516197,2015-05-03,50,GROCERY I,9266,20
1517979,2015-05-04,50,GROCERY I,6437,18
1519761,2015-05-05,50,GROCERY I,5162,20
1521543,2015-05-06,50,GROCERY I,5468,19
1523325,2015-05-07,50,GROCERY I,5135,15
1525107,2015-05-08,50,GROCERY I,4949,14
1526889,2015-05-09,50,GROCERY I,8153,16
1528671,2015-05-10,50,GROCERY I,6841,8
1530453,2015-05-11,50,GROCERY I,5796,14
1532235,2015-05-12,50,GROCERY I,4653,22
1534017,2015-05-13,50,GROCERY I,5049,18
1535799,2015-05-14,50,GROCERY I,3540,16
1537581,2015-05-15,50,GROCERY I,4804,15
1539363,2015-05-16,50,GROCERY I,7474,14
1541145,2015-05-17,50,GROCERY I,8573,15
1542927,2015-05-18,50,GROCERY I,5344,9
1544709,2015-05-19,50,GROCERY I,4269,7
1546491,2015-05-20,50,GROCERY I,4447,19
1548273,2015-05-21,50,GROCERY I,4085,24
1550055,2015-05-22,50,GROCERY I,4837,14
1551837,2015-05-23,50,GROCERY I,7857,12
1553619,2015-05-24,50,GROCERY I,8138,7
1555401,2015-05-25,50,GROCERY I,5003,13
1557183,2015-05-26,50,GROCERY I,4351,10
1558965,2015-05-27,50,GROCERY I,4516,15
1560747,2015-05-28,50,GROCERY I,4341,14
1562529,2015-05-29,50,GROCERY I,5520,11
1564311,2015-05-30,50,GROCERY I,7904,13
1566093,2015-05-31,50,GROCERY I,9495,9
1567875,2015-06-01,50,GROCERY I,6505,16
1569657,2015-06-02,50,GROCERY I,4356,22
1571439,2015-06-03,50,GROCERY I,4251,14
1573221,2015-06-04,50,GROCERY I,4988,9
1575003,2015-06-05,50,GROCERY I,5461,10
1576785,2015-06-06,50,GROCERY I,7977,14
1578567,2015-06-07,50,GROCERY I,8998,16
1580349,2015-06-08,50,GROCERY I,6263,13
1582131,2015-06-09,50,GROCERY I,5205,10
1583913,2015-06-10,50,GROCERY I,5024,10
1585695,2015-06-11,50,GROCERY I,3885,7
1587477,2015-06-12,50,GROCERY I,5208,10
1589259,2015-06-13,50,GROCERY I,7952,10
1591041,2015-06-14,50,GROCERY I,7828,17
1592823,2015-06-15,50,GROCERY I,4856,16
1594605,2015-06-16,50,GROCERY I,5090,17
1596387,2015-06-17,50,GROCERY I,5107,14
1598169,2015-06-18,50,GROCERY I,3969,14
1599951,2015-06-19,50,GROCERY I,5473,21
1601733,2015-06-20,50,GROCERY I,7244,21
1603515,2015-06-21,50,GROCERY I,6453,20
1605297,2015-06-22,50,GROCERY I,5310,16
1607079,2015-06-23,50,GROCERY I,4734,23
1608861,2015-06-24,50,GROCERY I,4757,24
1610643,2015-06-25,50,GROCERY I,4099,6
1612425,2015-06-26,50,GROCERY I,4920,20
1614207,2015-06-27,50,GROCERY I,6856,9
1615989,2015-06-28,50,GROCERY I,8145,5
1617771,2015-06-29,50,GROCERY I,4495,5
1619553,2015-06-30,50,GROCERY I,5206,7
1621335,2015-07-01,50,GROCERY I,6384,14
1623117,2015-07-02,50,GROCERY I,5943,8
1624899,2015-07-03,50,GROCERY I,5654,15
1626681,2015-07-04,50,GROCERY I,8414,12
1628463,2015-07-05,50,GROCERY I,8860,14
1630245,2015-07-06,50,GROCERY I,6597,21
1632027,2015-07-07,50,GROCERY I,7121,11
1633809,2015-07-08,50,GROCERY I,5145,7
1635591,2015-07-09,50,GROCERY I,4305,14
1637373,2015-07-10,50,GROCERY I,5230,12
1639155,2015-07-11,50,GROCERY I,6700,8
1640937,2015-07-12,50,GROCERY I,8061,16
1642719,2015-07-13,50,GROCERY I,5413,9
1644501,2015-07-14,50,GROCERY I,4525,9
1646283,2015-07-15,50,GROCERY I,4828,12
1648065,2015-07-16,50,GROCERY I,4943,7
1649847,2015-07-17,50,GROCERY I,5501,14
1651629,2015-07-18,50,GROCERY I,7068,13
1653411,2015-07-19,50,GROCERY I,7120,8
1655193,2015-07-20,50,GROCERY I,5558,21
1656975,2015-07-21,50,GROCERY I,4943,22
1658757,2015-07-22,50,GROCERY I,4838,18
1660539,2015-07-23,50,GROCERY I,4817,21
1662321,2015-07-24,50,GROCERY I,4929,18
1664103,2015-07-25,50,GROCERY I,6242,18
1665885,2015-07-26,50,GROCERY I,7097,25
1667667,2015-07-27,50,GROCERY I,5441,17
1669449,2015-07-28,50,GROCERY I,4548,16
1671231,2015-07-29,50,GROCERY I,4710,19
1673013,2015-07-30,50,GROCERY I,4234,20
1674795,2015-07-31,50,GROCERY I,5634,24
1676577,2015-08-01,50,GROCERY I,9256,12
1678359,2015-08-02,50,GROCERY I,9345,16
1680141,2015-08-03,50,GROCERY I,6615,14
1681923,2015-08-04,50,GROCERY I,5826,13
1683705,2015-08-05,50,GROCERY I,5924,16
1685487,2015-08-06,50,GROCERY I,4695,12
1687269,2015-08-07,50,GROCERY I,5597,11
1689051,2015-08-08,50,GROCERY I,6712,11
1690833,2015-08-09,50,GROCERY I,6272,16
1692615,2015-08-10,50,GROCERY I,7528,8
1694397,2015-08-11,50,GROCERY I,5333,8
1696179,2015-08-12,50,GROCERY I,5327,10
1697961,2015-08-13,50,GROCERY I,4088,11
1699743,2015-08-14,50,GROCERY I,4959,9
1701525,2015-08-15,50,GROCERY I,8423,11
1703307,2015-08-16,50,GROCERY I,7282,8
1705089,2015-08-17,50,GROCERY I,5977,5
1706871,2015-08-18,50,GROCERY I,4932,9
1708653,2015-08-19,50,GROCERY I,4653,15
1710435,2015-08-20,50,GROCERY I,4296,15
1712217,2015-08-21,50,GROCERY I,4894,16
1713999,2015-08-22,50,GROCERY I,6358,17
1715781,2015-08-23,50,GROCERY I,6635,12
1717563,2015-08-24,50,GROCERY I,5368,11
1719345,2015-08-25,50,GROCERY I,4664,11
1721127,2015-08-26,50,GROCERY I,5058,12
1722909,2015-08-27,50,GROCERY I,4526,8
1724691,2015-08-28,50,GROCERY I,4681,7
1726473,2015-08-29,50,GROCERY I,7241,6
1728255,2015-08-30,50,GROCERY I,7903,17
1730037,2015-08-31,50,GROCERY I,6330,13
1731819,2015-09-01,50,GROCERY I,6792,10
1733601,2015-09-02,50,GROCERY I,6000,18
1735383,2015-09-03,50,GROCERY I,5188,7
1737165,2015-09-04,50,GROCERY I,5235,10
1738947,2015-09-05,50,GROCERY I,8533,12
1740729,2015-09-06,50,GROCERY I,9808,10
1742511,2015-09-07,50,GROCERY I,5270,14
1744293,2015-09-08,50,GROCERY I,4608,10
1746075,2015-09-09,50,GROCERY I,4327,14
1747857,2015-09-10,50,GROCERY I,4191,9
1749639,2015-09-11,50,GROCERY I,4509,9
1751421,2015-09-12,50,GROCERY I,6875,17
1753203,2015-09-13,50,GROCERY I,7131,21
1754985,2015-09-14,50,GROCERY I,5224,11
1756767,2015-09-15,50,GROCERY I,4186,11
1758549,2015-09-16,50,GROCERY I,4653,9
1760331,2015-09-17,50,GROCERY I,3988,5
1762113,2015-09-18,50,GROCERY I,4668,10
1763895,2015-09-19,50,GROCERY I,7240,13
1765677,2015-09-20,50,GROCERY I,7482,11
1767459,2015-09-21,50,GROCERY I,4695,7
1769241,2015-09-22,50,GROCERY I,4066,10
1771023,2015-09-23,50,GROCERY I,4051,8
1772805,2015-09-24,50,GROCERY I,3894,8
1774587,2015-09-25,50,GROCERY I,5024,20
1776369,2015-09-26,50,GROCERY I,6998,21
1778151,2015-09-27,50,GROCERY I,7404,24
1779933,2015-09-28,50,GROCERY I,4774,9
1781715,2015-09-29,50,GROCERY I,3926,9
1783497,2015-09-30,50,GROCERY I,4941,16
1785279,2015-10-01,50,GROCERY I,5802,15
1787061,2015-10-02,50,GROCERY I,6166,16
1788843,2015-10-03,50,GROCERY I,11028,19
1790625,2015-10-04,50,GROCERY I,11601,14
1792407,2015-10-05,50,GROCERY I,7195,13
1794189,2015-10-06,50,GROCERY I,5296,12
1795971,2015-10-07,50,GROCERY I,5063,13
1797753,2015-10-08,50,GROCERY I,3658,13
1799535,2015-10-09,50,GROCERY I,7230,17
1801317,2015-10-10,50,GROCERY I,7625,8
1803099,2015-10-11,50,GROCERY I,7965,10
1804881,2015-10-12,50,GROCERY I,4954,7
1806663,2015-10-13,50,GROCERY I,4030,7
1808445,2015-10-14,50,GROCERY I,4528,11
1810227,2015-10-15,50,GROCERY I,3896,8
1812009,2015-10-16,50,GROCERY I,5056,11
1813791,2015-10-17,50,GROCERY I,7713,7
1815573,2015-10-18,50,GROCERY I,8272,10
1817355,2015-10-19,50,GROCERY I,5055,6
1819137,2015-10-20,50,GROCERY I,4974,6
1820919,2015-10-21,50,GROCERY I,4494,5
1822701,2015-10-22,50,GROCERY I,3862,6
1824483,2015-10-23,50,GROCERY I,4430,5
1826265,2015-10-24,50,GROCERY I,7436,4
1828047,2015-10-25,50,GROCERY I,7867,4
1829829,2015-10-26,50,GROCERY I,4930,5
1831611,2015-10-27,50,GROCERY I,4074,3
1833393,2015-10-28,50,GROCERY I,4200,4
1835175,2015-10-29,50,GROCERY I,3781,13
1836957,2015-10-30,50,GROCERY I,4150,23
1838739,2015-10-31,50,GROCERY I,6941,27
1840521,2015-11-01,50,GROCERY I,6393,29
1842303,2015-11-02,50,GROCERY I,6727,48
1844085,2015-11-03,50,GROCERY I,9052,25
1845867,2015-11-04,50,GROCERY I,6081,35
1847649,2015-11-05,50,GROCERY I,4955,28
1849431,2015-11-06,50,GROCERY I,5183,30
1851213,2015-11-07,50,GROCERY I,10206,35
1852995,2015-11-08,50,GROCERY I,9474,29
1854777,2015-11-09,50,GROCERY I,5392,35
1856559,2015-11-10,50,GROCERY I,4584,27
1858341,2015-11-11,50,GROCERY I,4120,31
1860123,2015-11-12,50,GROCERY I,4825,29
1861905,2015-11-13,50,GROCERY I,4887,27
1863687,2015-11-14,50,GROCERY I,7713,49
1865469,2015-11-15,50,GROCERY I,8782,42
1867251,2015-11-16,50,GROCERY I,5650,59
1869033,2015-11-17,50,GROCERY I,4314,46
1870815,2015-11-18,50,GROCERY I,5256,68
1872597,2015-11-19,50,GROCERY I,4645,57
1874379,2015-11-20,50,GROCERY I,5702,62
1876161,2015-11-21,50,GROCERY I,7757,51
1877943,2015-11-22,50,GROCERY I,7968,52
1879725,2015-11-23,50,GROCERY I,5368,53
1881507,2015-11-24,50,GROCERY I,4433,27
1883289,2015-11-25,50,GROCERY I,4987,62
1885071,2015-11-26,50,GROCERY I,4122,49
1886853,2015-11-27,50,GROCERY I,5957,58
1888635,2015-11-28,50,GROCERY I,8035,42
1890417,2015-11-29,50,GROCERY I,9990,46
1892199,2015-11-30,50,GROCERY I,5686,45
1893981,2015-12-01,50,GROCERY I,7424,47
1895763,2015-12-02,50,GROCERY I,6789,39
1897545,2015-12-03,50,GROCERY I,6656,32
1899327,2015-12-04,50,GROCERY I,6360,27
1901109,2015-12-05,50,GROCERY I,10737,32
1902891,2015-12-06,50,GROCERY I,10368,32
1904673,2015-12-07,50,GROCERY I,7310,33
1906455,2015-12-08,50,GROCERY I,6040,21
1908237,2015-12-09,50,GROCERY I,5135,37
1910019,2015-12-10,50,GROCERY I,4848,14
1911801,2015-12-11,50,GROCERY I,5869,13
1913583,2015-12-12,50,GROCERY I,10111,19
1915365,2015-12-13,50,GROCERY I,10079,18
1917147,2015-12-14,50,GROCERY I,6478,5
1918929,2015-12-15,50,GROCERY I,8539,19
1920711,2015-12-16,50,GROCERY I,7439,12
1922493,2015-12-17,50,GROCERY I,5945,14
1924275,2015-12-18,50,GROCERY I,6412,6
1926057,2015-12-19,50,GROCERY I,10600,15
1927839,2015-12-20,50,GROCERY I,12562,12
1929621,2015-12-21,50,GROCERY I,10083,6
1931403,2015-12-22,50,GROCERY I,11027,8
1933185,2015-12-23,50,GROCERY I,14431,13
1934967,2015-12-24,50,GROCERY I,11060,14
1936749,2015-12-26,50,GROCERY I,9873,4
1938531,2015-12-27,50,GROCERY I,7170,13
1940313,2015-12-28,50,GROCERY I,7077,6
1942095,2015-12-29,50,GROCERY I,7490,9
1943877,2015-12-30,50,GROCERY I,8408,8
1945659,2015-12-31,50,GROCERY I,4905,3
1947441,2016-01-01,50,GROCERY I,0,0
1949223,2016-01-02,50,GROCERY I,10052,10
1951005,2016-01-03,50,GROCERY I,10410,21
1952787,2016-01-04,50,GROCERY I,7519,20
1954569,2016-01-05,50,GROCERY I,6447,25
1956351,2016-01-06,50,GROCERY I,5667,29
1958133,2016-01-07,50,GROCERY I,4475,15
1959915,2016-01-08,50,GROCERY I,5904,15
1961697,2016-01-09,50,GROCERY I,8419,21
1963479,2016-01-10,50,GROCERY I,8332,14
1965261,2016-01-11,50,GROCERY I,5060,18
1967043,2016-01-12,50,GROCERY I,4576,14
1968825,2016-01-13,50,GROCERY I,4278,10
1970607,2016-01-14,50,GROCERY I,3953,22
1972389,2016-01-15,50,GROCERY I,4543,18
1974171,2016-01-16,50,GROCERY I,7135,18
1975953,2016-01-17,50,GROCERY I,8220,19
1977735,2016-01-18,50,GROCERY I,5113,30
1979517,2016-01-19,50,GROCERY I,4419,30
1981299,2016-01-20,50,GROCERY I,5087,31
1983081,2016-01-21,50,GROCERY I,3673,0
1984863,2016-01-22,50,GROCERY I,4293,5
1986645,2016-01-23,50,GROCERY I,6919,1
1988427,2016-01-24,50,GROCERY I,7672,1
1990209,2016-01-25,50,GROCERY I,4749,0
1991991,2016-01-26,50,GROCERY I,4089,2
1993773,2016-01-27,50,GROCERY I,4234,3
1995555,2016-01-28,50,GROCERY I,3456,41
1997337,2016-01-29,50,GROCERY I,4806,45
1999119,2016-01-30,50,GROCERY I,7208,44
2000901,2016-01-31,50,GROCERY I,8838,47
2002683,2016-02-01,50,GROCERY I,6643,45
2004465,2016-02-02,50,GROCERY I,6153,45
2006247,2016-02-03,50,GROCERY I,6017,44
2008029,2016-02-04,50,GROCERY I,4994,75
2009811,2016-02-05,50,GROCERY I,5717,89
2011593,2016-02-06,50,GROCERY I,6631,95
2013375,2016-02-07,50,GROCERY I,4533,86
2015157,2016-02-08,50,GROCERY I,5772,89
2016939,2016-02-09,50,GROCERY I,6864,103
2018721,2016-02-10,50,GROCERY I,7159,94
2020503,2016-02-11,50,GROCERY I,5910,103
2022285,2016-02-12,50,GROCERY I,6642,93
2024067,2016-02-13,50,GROCERY I,7961,104
2025849,2016-02-14,50,GROCERY I,8713,104
2027631,2016-02-15,50,GROCERY I,5920,93
2029413,2016-02-16,50,GROCERY I,5367,46
2031195,2016-02-17,50,GROCERY I,5139,46
2032977,2016-02-18,50,GROCERY I,4574,53
2034759,2016-02-19,50,GROCERY I,5496,49
2036541,2016-02-20,50,GROCERY I,7876,53
2038323,2016-02-21,50,GROCERY I,8633,59
2040105,2016-02-22,50,GROCERY I,5078,56
2041887,2016-02-23,50,GROCERY I,4684,48
2043669,2016-02-24,50,GROCERY I,4184,41
2045451,2016-02-25,50,GROCERY I,4014,12
2047233,2016-02-26,50,GROCERY I,4893,17
2049015,2016-02-27,50,GROCERY I,8337,22
2050797,2016-02-28,50,GROCERY I,8137,15
2052579,2016-02-29,50,GROCERY I,5627,20
2054361,2016-03-01,50,GROCERY I,6563,20
2056143,2016-03-02,50,GROCERY I,6420,20
2057925,2016-03-03,50,GROCERY I,5065,22
2059707,2016-03-04,50,GROCERY I,5882,25
2061489,2016-03-05,50,GROCERY I,9125,27
2063271,2016-03-06,50,GROCERY I,9097,22
2065053,2016-03-07,50,GROCERY I,6100,23
2066835,2016-03-08,50,GROCERY I,5234,19
2068617,2016-03-09,50,GROCERY I,4832,30
2070399,2016-03-10,50,GROCERY I,4602,20
2072181,2016-03-11,50,GROCERY I,5345,20
2073963,2016-03-12,50,GROCERY I,8218,26
2075745,2016-03-13,50,GROCERY I,7892,22
2077527,2016-03-14,50,GROCERY I,4907,23
2079309,2016-03-15,50,GROCERY I,4134,13
2081091,2016-03-16,50,GROCERY I,5053,14
2082873,2016-03-17,50,GROCERY I,3935,28
2084655,2016-03-18,50,GROCERY I,4543,28
2086437,2016-03-19,50,GROCERY I,7920,35
2088219,2016-03-20,50,GROCERY I,7897,34
2090001,2016-03-21,50,GROCERY I,4985,32
2091783,2016-03-22,50,GROCERY I,4243,33
2093565,2016-03-23,50,GROCERY I,5570,29
2095347,2016-03-24,50,GROCERY I,4733,29
2097129,2016-03-25,50,GROCERY I,4827,28
2098911,2016-03-26,50,GROCERY I,7163,36
2100693,2016-03-27,50,GROCERY I,6971,32
2102475,2016-03-28,50,GROCERY I,4922,33
2104257,2016-03-29,50,GROCERY I,4206,30
2106039,2016-03-30,50,GROCERY I,4672,30
2107821,2016-03-31,50,GROCERY I,4724,28
2109603,2016-04-01,50,GROCERY I,6917,32
2111385,2016-04-02,50,GROCERY I,11238,31
2113167,2016-04-03,50,GROCERY I,11744,31
2114949,2016-04-04,50,GROCERY I,6193,30
2116731,2016-04-05,50,GROCERY I,5644,21
2118513,2016-04-06,50,GROCERY I,4980,25
2120295,2016-04-07,50,GROCERY I,4542,68
2122077,2016-04-08,50,GROCERY I,5524,71
2123859,2016-04-09,50,GROCERY I,8362,74
2125641,2016-04-10,50,GROCERY I,8731,77
2127423,2016-04-11,50,GROCERY I,5395,77
2129205,2016-04-12,50,GROCERY I,5009,90
2130987,2016-04-13,50,GROCERY I,4886,100
2132769,2016-04-14,50,GROCERY I,3817,24
2134551,2016-04-15,50,GROCERY I,4956,28
2136333,2016-04-16,50,GROCERY I,7866,30
2138115,2016-04-17,50,GROCERY I,9165,25
2139897,2016-04-18,50,GROCERY I,11355,33
2141679,2016-04-19,50,GROCERY I,8311,28
2143461,2016-04-20,50,GROCERY I,7370,42
2145243,2016-04-21,50,GROCERY I,5765,44
2147025,2016-04-22,50,GROCERY I,5475,45
2148807,2016-04-23,50,GROCERY I,9874,45
2150589,2016-04-24,50,GROCERY I,9456,46
2152371,2016-04-25,50,GROCERY I,5268,46
2154153,2016-04-26,50,GROCERY I,4998,45
2155935,2016-04-27,50,GROCERY I,4797,70
2157717,2016-04-28,50,GROCERY I,4007,60
2159499,2016-04-29,50,GROCERY I,5728,72
2161281,2016-04-30,50,GROCERY I,9813,67
2163063,2016-05-01,50,GROCERY I,12135,83
2164845,2016-05-02,50,GROCERY I,6568,65
2166627,2016-05-03,50,GROCERY I,5783,75
2168409,2016-05-04,50,GROCERY I,5602,72
2170191,2016-05-05,50,GROCERY I,5160,71
2171973,2016-05-06,50,GROCERY I,6282,67
2173755,2016-05-07,50,GROCERY I,9155,67
2175537,2016-05-08,50,GROCERY I,6566,72
2177319,2016-05-09,50,GROCERY I,5590,62
2179101,2016-05-10,50,GROCERY I,4534,71
2180883,2016-05-11,50,GROCERY I,4159,37
2182665,2016-05-12,50,GROCERY I,4040,41
2184447,2016-05-13,50,GROCERY I,5301,50
2186229,2016-05-14,50,GROCERY I,7943,52
2188011,2016-05-15,50,GROCERY I,8436,44
2189793,2016-05-16,50,GROCERY I,5422,44
2191575,2016-05-17,50,GROCERY I,4435,51
2193357,2016-05-18,50,GROCERY I,4688,45
2195139,2016-05-19,50,GROCERY I,4320,49
2196921,2016-05-20,50,GROCERY I,5631,42
2198703,2016-05-21,50,GROCERY I,8178,51
2200485,2016-05-22,50,GROCERY I,7876,46
2202267,2016-05-23,50,GROCERY I,5599,40
2204049,2016-05-24,50,GROCERY I,4558,42
2205831,2016-05-25,50,GROCERY I,4680,54
2207613,2016-05-26,50,GROCERY I,4720,99
2209395,2016-05-27,50,GROCERY I,8956,114
2211177,2016-05-28,50,GROCERY I,8282,122
2212959,2016-05-29,50,GROCERY I,8822,109
2214741,2016-05-30,50,GROCERY I,6975,119
2216523,2016-05-31,50,GROCERY I,10522,122
2218305,2016-06-01,50,GROCERY I,6228,97
2220087,2016-06-02,50,GROCERY I,5654,104
2221869,2016-06-03,50,GROCERY I,6536,90
2223651,2016-06-04,50,GROCERY I,9517,90
2225433,2016-06-05,50,GROCERY I,9943,77
2227215,2016-06-06,50,GROCERY I,5892,71
2228997,2016-06-07,50,GROCERY I,4714,67
2230779,2016-06-08,50,GROCERY I,5135,74
2232561,2016-06-09,50,GROCERY I,4561,71
2234343,2016-06-10,50,GROCERY I,5629,78
2236125,2016-06-11,50,GROCERY I,7815,106
2237907,2016-06-12,50,GROCERY I,7776,86
2239689,2016-06-13,50,GROCERY I,4992,83
2241471,2016-06-14,50,GROCERY I,4749,81
2243253,2016-06-15,50,GROCERY I,5286,84
2245035,2016-06-16,50,GROCERY I,4970,80
2246817,2016-06-17,50,GROCERY I,5514,84
2248599,2016-06-18,50,GROCERY I,8257,95
2250381,2016-06-19,50,GROCERY I,6939,90
2252163,2016-06-20,50,GROCERY I,5477,79
2253945,2016-06-21,50,GROCERY I,4888,89
2255727,2016-06-22,50,GROCERY I,5174,105
2257509,2016-06-23,50,GROCERY I,5554,49
2259291,2016-06-24,50,GROCERY I,4789,56
2261073,2016-06-25,50,GROCERY I,7580,61
2262855,2016-06-26,50,GROCERY I,7840,66
2264637,2016-06-27,50,GROCERY I,5354,55
2266419,2016-06-28,50,GROCERY I,4400,48
2268201,2016-06-29,50,GROCERY I,4889,54
2269983,2016-06-30,50,GROCERY I,4068,57
2271765,2016-07-01,50,GROCERY I,6796,62
2273547,2016-07-02,50,GROCERY I,9345,48
2275329,2016-07-03,50,GROCERY I,10297,53
2277111,2016-07-04,50,GROCERY I,6970,56
2278893,2016-07-05,50,GROCERY I,5829,69
2280675,2016-07-06,50,GROCERY I,5624,67
2282457,2016-07-07,50,GROCERY I,4418,0
2284239,2016-07-08,50,GROCERY I,5384,52
2286021,2016-07-09,50,GROCERY I,7795,47
2287803,2016-07-10,50,GROCERY I,7555,50
2289585,2016-07-11,50,GROCERY I,5553,47
2291367,2016-07-12,50,GROCERY I,4497,46
2293149,2016-07-13,50,GROCERY I,4571,48
2294931,2016-07-14,50,GROCERY I,3855,52
2296713,2016-07-15,50,GROCERY I,4992,56
2298495,2016-07-16,50,GROCERY I,7291,59
2300277,2016-07-17,50,GROCERY I,7292,64
2302059,2016-07-18,50,GROCERY I,6027,59
2303841,2016-07-19,50,GROCERY I,5603,53
2305623,2016-07-20,50,GROCERY I,4784,56
2307405,2016-07-21,50,GROCERY I,4772,46
2309187,2016-07-22,50,GROCERY I,5092,52
2310969,2016-07-23,50,GROCERY I,8218,55
2312751,2016-07-24,50,GROCERY I,7081,55
2314533,2016-07-25,50,GROCERY I,5897,52
2316315,2016-07-26,50,GROCERY I,5064,46
2318097,2016-07-27,50,GROCERY I,4781,44
2319879,2016-07-28,50,GROCERY I,4407,47
2321661,2016-07-29,50,GROCERY I,5481,48
2323443,2016-07-30,50,GROCERY I,8384,54
2325225,2016-07-31,50,GROCERY I,8128,49
2327007,2016-08-01,50,GROCERY I,8077,40
2328789,2016-08-02,50,GROCERY I,7320,45
2330571,2016-08-03,50,GROCERY I,6494,41
2332353,2016-08-04,50,GROCERY I,5445,34
2334135,2016-08-05,50,GROCERY I,5921,33
2335917,2016-08-06,50,GROCERY I,7326,36
2337699,2016-08-07,50,GROCERY I,7268,32
2339481,2016-08-08,50,GROCERY I,6359,37
2341263,2016-08-09,50,GROCERY I,5347,32
2343045,2016-08-10,50,GROCERY I,5320,48
2344827,2016-08-11,50,GROCERY I,4838,34
2346609,2016-08-12,50,GROCERY I,6556,39
2348391,2016-08-13,50,GROCERY I,5902,39
2350173,2016-08-14,50,GROCERY I,5821,38
2351955,2016-08-15,50,GROCERY I,5638,36
2353737,2016-08-16,50,GROCERY I,5917,35
2355519,2016-08-17,50,GROCERY I,5230,36
2357301,2016-08-18,50,GROCERY I,5449,34
2359083,2016-08-19,50,GROCERY I,5685,33
2360865,2016-08-20,50,GROCERY I,6463,36
2362647,2016-08-21,50,GROCERY I,6820,34
2364429,2016-08-22,50,GROCERY I,5732,38
2366211,2016-08-23,50,GROCERY I,5912,39
2367993,2016-08-24,50,GROCERY I,5133,32
2369775,2016-08-25,50,GROCERY I,4236,39
2371557,2016-08-26,50,GROCERY I,5140,42
2373339,2016-08-27,50,GROCERY I,6922,42
2375121,2016-08-28,50,GROCERY I,6613,47
2376903,2016-08-29,50,GROCERY I,5205,42
2378685,2016-08-30,50,GROCERY I,4967,36
2380467,2016-08-31,50,GROCERY I,5795,43
2382249,2016-09-01,50,GROCERY I,5732,27
2384031,2016-09-02,50,GROCERY I,6652,31
2385813,2016-09-03,50,GROCERY I,9504,36
2387595,2016-09-04,50,GROCERY I,9425,34
2389377,2016-09-05,50,GROCERY I,6910,27
2391159,2016-09-06,50,GROCERY I,5368,28
2392941,2016-09-07,50,GROCERY I,5710,32
2394723,2016-09-08,50,GROCERY I,4448,28
2396505,2016-09-09,50,GROCERY I,4832,24
2398287,2016-09-10,50,GROCERY I,8059,34
2400069,2016-09-11,50,GROCERY I,8387,32
2401851,2016-09-12,50,GROCERY I,5442,30
2403633,2016-09-13,50,GROCERY I,4084,16
2405415,2016-09-14,50,GROCERY I,4675,22
2407197,2016-09-15,50,GROCERY I,4322,29
2408979,2016-09-16,50,GROCERY I,5351,34
2410761,2016-09-17,50,GROCERY I,7493,35
2412543,2016-09-18,50,GROCERY I,7637,35
2414325,2016-09-19,50,GROCERY I,5588,30
2416107,2016-09-20,50,GROCERY I,4831,28
2417889,2016-09-21,50,GROCERY I,4181,29
2419671,2016-09-22,50,GROCERY I,4139,27
2421453,2016-09-23,50,GROCERY I,5438,27
2423235,2016-09-24,50,GROCERY I,7825,33
2425017,2016-09-25,50,GROCERY I,7921,30
2426799,2016-09-26,50,GROCERY I,5543,26
2428581,2016-09-27,50,GROCERY I,4420,27
2430363,2016-09-28,50,GROCERY I,4619,34
2432145,2016-09-29,50,GROCERY I,4219,35
2433927,2016-09-30,50,GROCERY I,5362,31
2435709,2016-10-01,50,GROCERY I,11355,29
2437491,2016-10-02,50,GROCERY I,11327,28
2439273,2016-10-03,50,GROCERY I,6964,30
2441055,2016-10-04,50,GROCERY I,6210,39
2442837,2016-10-05,50,GROCERY I,5653,39
2444619,2016-10-06,50,GROCERY I,4476,47
2446401,2016-10-07,50,GROCERY I,5434,54
2448183,2016-10-08,50,GROCERY I,9262,59
2449965,2016-10-09,50,GROCERY I,9406,52
2451747,2016-10-10,50,GROCERY I,5674,48
2453529,2016-10-11,50,GROCERY I,4684,55
2455311,2016-10-12,50,GROCERY I,4871,53
2457093,2016-10-13,50,GROCERY I,3807,52
2458875,2016-10-14,50,GROCERY I,4490,52
2460657,2016-10-15,50,GROCERY I,7872,58
2462439,2016-10-16,50,GROCERY I,8942,58
2464221,2016-10-17,50,GROCERY I,5196,56
2466003,2016-10-18,50,GROCERY I,4499,43
2467785,2016-10-19,50,GROCERY I,4389,50
2469567,2016-10-20,50,GROCERY I,4691,47
2471349,2016-10-21,50,GROCERY I,4806,50
2473131,2016-10-22,50,GROCERY I,7558,46
2474913,2016-10-23,50,GROCERY I,8051,54
2476695,2016-10-24,50,GROCERY I,5191,50
2478477,2016-10-25,50,GROCERY I,4504,40
2480259,2016-10-26,50,GROCERY I,4611,98
2482041,2016-10-27,50,GROCERY I,4102,75
2483823,2016-10-28,50,GROCERY I,5116,82
2485605,2016-10-29,50,GROCERY I,7537,88
2487387,2016-10-30,50,GROCERY I,7845,82
2489169,2016-10-31,50,GROCERY I,5485,81
2490951,2016-11-01,50,GROCERY I,6324,84
2492733,2016-11-02,50,GROCERY I,7750,89
2494515,2016-11-03,50,GROCERY I,8216,86
2496297,2016-11-04,50,GROCERY I,8328,0
2498079,2016-11-05,50,GROCERY I,8568,85
2499861,2016-11-06,50,GROCERY I,10181,84
2501643,2016-11-07,50,GROCERY I,7239,83
2503425,2016-11-08,50,GROCERY I,6608,83
2505207,2016-11-09,50,GROCERY I,6342,91
2506989,2016-11-10,50,GROCERY I,4959,97
2508771,2016-11-11,50,GROCERY I,5870,96
2510553,2016-11-12,50,GROCERY I,8765,99
2512335,2016-11-13,50,GROCERY I,10462,91
2514117,2016-11-14,50,GROCERY I,5958,88
2515899,2016-11-15,50,GROCERY I,5125,91
2517681,2016-11-16,50,GROCERY I,6618,128
2519463,2016-11-17,50,GROCERY I,5878,93
2521245,2016-11-18,50,GROCERY I,6132,96
2523027,2016-11-19,50,GROCERY I,8719,111
2524809,2016-11-20,50,GROCERY I,10315,100
2526591,2016-11-21,50,GROCERY I,6245,105
2528373,2016-11-22,50,GROCERY I,5237,103
2530155,2016-11-23,50,GROCERY I,5779,116
2531937,2016-11-24,50,GROCERY I,4650,100
2533719,2016-11-25,50,GROCERY I,7843,106
2535501,2016-11-26,50,GROCERY I,9760,106
2537283,2016-11-27,50,GROCERY I,10061,111
2539065,2016-11-28,50,GROCERY I,6614,107
2540847,2016-11-29,50,GROCERY I,5378,102
2542629,2016-11-30,50,GROCERY I,5688,101
2544411,2016-12-01,50,GROCERY I,7495,117
2546193,2016-12-02,50,GROCERY I,8098,111
2547975,2016-12-03,50,GROCERY I,11426,119
2549757,2016-12-04,50,GROCERY I,12418,117
2551539,2016-12-05,50,GROCERY I,7646,105
2553321,2016-12-06,50,GROCERY I,6827,100
2555103,2016-12-07,50,GROCERY I,6884,187
2556885,2016-12-08,50,GROCERY I,7494,117
2558667,2016-12-09,50,GROCERY I,6175,126
2560449,2016-12-10,50,GROCERY I,9129,128
2562231,2016-12-11,50,GROCERY I,11111,129
2564013,2016-12-12,50,GROCERY I,7231,126
2565795,2016-12-13,50,GROCERY I,6452,125
2567577,2016-12-14,50,GROCERY I,6933,130
2569359,2016-12-15,50,GROCERY I,7570,123
2571141,2016-12-16,50,GROCERY I,10768,124
2572923,2016-12-17,50,GROCERY I,11251,125
2574705,2016-12-18,50,GROCERY I,12942,132
2576487,2016-12-19,50,GROCERY I,9116,127
2578269,2016-12-20,50,GROCERY I,11305,128
2580051,2016-12-21,50,GROCERY I,12108,129
2581833,2016-12-22,50,GROCERY I,11960,122
2583615,2016-12-23,50,GROCERY I,12045,126
2585397,2016-12-24,50,GROCERY I,11715,117
2587179,2016-12-26,50,GROCERY I,10204,128
2588961,2016-12-27,50,GROCERY I,8073,116
2590743,2016-12-28,50,GROCERY I,8544,139
2592525,2016-12-29,50,GROCERY I,7723,138
2594307,2016-12-30,50,GROCERY I,10371,136
2596089,2016-12-31,50,GROCERY I,6823,133
2597871,2017-01-01,50,GROCERY I,0,0
2599653,2017-01-02,50,GROCERY I,14254,97
2601435,2017-01-03,50,GROCERY I,8769,92
2603217,2017-01-04,50,GROCERY I,7695,134
2604999,2017-01-05,50,GROCERY I,6331,51
2606781,2017-01-06,50,GROCERY I,6974,54
2608563,2017-01-07,50,GROCERY I,10103,68
2610345,2017-01-08,50,GROCERY I,9860,67
2612127,2017-01-09,50,GROCERY I,6915,57
2613909,2017-01-10,50,GROCERY I,5939,61
2615691,2017-01-11,50,GROCERY I,5972,53
2617473,2017-01-12,50,GROCERY I,4748,69
2619255,2017-01-13,50,GROCERY I,6841,60
2621037,2017-01-14,50,GROCERY I,8601,66
2622819,2017-01-15,50,GROCERY I,9343,53
2624601,2017-01-16,50,GROCERY I,6495,71
2626383,2017-01-17,50,GROCERY I,5340,60
2628165,2017-01-18,50,GROCERY I,6034,75
2629947,2017-01-19,50,GROCERY I,5037,53
2631729,2017-01-20,50,GROCERY I,6332,56
2633511,2017-01-21,50,GROCERY I,8711,62
2635293,2017-01-22,50,GROCERY I,8225,58
2637075,2017-01-23,50,GROCERY I,6020,61
2638857,2017-01-24,50,GROCERY I,5175,72
2640639,2017-01-25,50,GROCERY I,5013,77
2642421,2017-01-26,50,GROCERY I,4464,35
2644203,2017-01-27,50,GROCERY I,5779,45
2645985,2017-01-28,50,GROCERY I,9098,40
2647767,2017-01-29,50,GROCERY I,9495,36
2649549,2017-01-30,50,GROCERY I,5128,30
2651331,2017-01-31,50,GROCERY I,5770,45
2653113,2017-02-01,50,GROCERY I,6967,42
2654895,2017-02-02,50,GROCERY I,5697,41
2656677,2017-02-03,50,GROCERY I,7084,41
2658459,2017-02-04,50,GROCERY I,9980,47
2660241,2017-02-05,50,GROCERY I,10099,39
2662023,2017-02-06,50,GROCERY I,6727,45
2663805,2017-02-07,50,GROCERY I,6182,46
2665587,2017-02-08,50,GROCERY I,6452,76
2667369,2017-02-09,50,GROCERY I,4536,35
2669151,2017-02-10,50,GROCERY I,5569,37
2670933,2017-02-11,50,GROCERY I,8283,37
2672715,2017-02-12,50,GROCERY I,8882,37
2674497,2017-02-13,50,GROCERY I,6717,34
2676279,2017-02-14,50,GROCERY I,4408,30
2678061,2017-02-15,50,GROCERY I,5081,56
2679843,2017-02-16,50,GROCERY I,4988,57
2681625,2017-02-17,50,GROCERY I,5918,58
2683407,2017-02-18,50,GROCERY I,9334,59
2685189,2017-02-19,50,GROCERY I,7257,52
2686971,2017-02-20,50,GROCERY I,6391,55
2688753,2017-02-21,50,GROCERY I,5971,55
2690535,2017-02-22,50,GROCERY I,5396,66
2692317,2017-02-23,50,GROCERY I,5692,67
2694099,2017-02-24,50,GROCERY I,6588,69
2695881,2017-02-25,50,GROCERY I,8290,72
2697663,2017-02-26,50,GROCERY I,5493,64
2699445,2017-02-27,50,GROCERY I,7073,69
2701227,2017-02-28,50,GROCERY I,7986,72
2703009,2017-03-01,50,GROCERY I,8447,76
2704791,2017-03-02,50,GROCERY I,7122,59
2706573,2017-03-03,50,GROCERY I,7481,57
2708355,2017-03-04,50,GROCERY I,10660,55
2710137,2017-03-05,50,GROCERY I,10566,58
2711919,2017-03-06,50,GROCERY I,6642,40
2713701,2017-03-07,50,GROCERY I,5299,39
2715483,2017-03-08,50,GROCERY I,5730,39
2717265,2017-03-09,50,GROCERY I,5039,33
2719047,2017-03-10,50,GROCERY I,6118,31
2720829,2017-03-11,50,GROCERY I,9991,34
2722611,2017-03-12,50,GROCERY I,9702,33
2724393,2017-03-13,50,GROCERY I,6003,26
2726175,2017-03-14,50,GROCERY I,5320,25
2727957,2017-03-15,50,GROCERY I,6044,29
2729739,2017-03-16,50,GROCERY I,6058,27
2731521,2017-03-17,50,GROCERY I,6533,28
2733303,2017-03-18,50,GROCERY I,8905,31
2735085,2017-03-19,50,GROCERY I,9522,25
2736867,2017-03-20,50,GROCERY I,7065,25
2738649,2017-03-21,50,GROCERY I,5301,23
2740431,2017-03-22,50,GROCERY I,5376,30
2742213,2017-03-23,50,GROCERY I,4748,28
2743995,2017-03-24,50,GROCERY I,6044,31
2745777,2017-03-25,50,GROCERY I,8957,35
2747559,2017-03-26,50,GROCERY I,9704,32
2749341,2017-03-27,50,GROCERY I,6041,32
2751123,2017-03-28,50,GROCERY I,5045,41
2752905,2017-03-29,50,GROCERY I,6167,42
2754687,2017-03-30,50,GROCERY I,5002,42
2756469,2017-03-31,50,GROCERY I,7075,46
2758251,2017-04-01,50,GROCERY I,14224,48
2760033,2017-04-02,50,GROCERY I,10001,42
2761815,2017-04-03,50,GROCERY I,7620,42
2763597,2017-04-04,50,GROCERY I,6736,42
2765379,2017-04-05,50,GROCERY I,6052,54
2767161,2017-04-06,50,GROCERY I,5341,45
2768943,2017-04-07,50,GROCERY I,6248,54
2770725,2017-04-08,50,GROCERY I,9038,58
2772507,2017-04-09,50,GROCERY I,10125,56
2774289,2017-04-10,50,GROCERY I,6105,59
2776071,2017-04-11,50,GROCERY I,5686,50
2777853,2017-04-12,50,GROCERY I,5356,94
2779635,2017-04-13,50,GROCERY I,5865,90
2781417,2017-04-14,50,GROCERY I,6957,82
2783199,2017-04-15,50,GROCERY I,8638,101
2784981,2017-04-16,50,GROCERY I,8718,87
2786763,2017-04-17,50,GROCERY I,6325,82
2788545,2017-04-18,50,GROCERY I,5833,82
2790327,2017-04-19,50,GROCERY I,5153,118
2792109,2017-04-20,50,GROCERY I,4527,99
2793891,2017-04-21,50,GROCERY I,6288,104
2795673,2017-04-22,50,GROCERY I,7944,105
2797455,2017-04-23,50,GROCERY I,10375,107
2799237,2017-04-24,50,GROCERY I,6160,91
2801019,2017-04-25,50,GROCERY I,5662,88
2802801,2017-04-26,50,GROCERY I,4878,96
2804583,2017-04-27,50,GROCERY I,4440,98
2806365,2017-04-28,50,GROCERY I,6335,94
2808147,2017-04-29,50,GROCERY I,9360,92
2809929,2017-04-30,50,GROCERY I,9681,92
2811711,2017-05-01,50,GROCERY I,12201,73
2813493,2017-05-02,50,GROCERY I,6716,61
2815275,2017-05-03,50,GROCERY I,6830,82
2817057,2017-05-04,50,GROCERY I,4993,49
2818839,2017-05-05,50,GROCERY I,6157,64
2820621,2017-05-06,50,GROCERY I,8702,54
2822403,2017-05-07,50,GROCERY I,9755,64
2824185,2017-05-08,50,GROCERY I,6077,58
2825967,2017-05-09,50,GROCERY I,5440,60
2827749,2017-05-10,50,GROCERY I,6126,83
2829531,2017-05-11,50,GROCERY I,5049,52
2831313,2017-05-12,50,GROCERY I,5868,55
2833095,2017-05-13,50,GROCERY I,8855,57
2834877,2017-05-14,50,GROCERY I,6721,55
2836659,2017-05-15,50,GROCERY I,6546,53
2838441,2017-05-16,50,GROCERY I,5352,54
2840223,2017-05-17,50,GROCERY I,5180,50
2842005,2017-05-18,50,GROCERY I,4562,52
2843787,2017-05-19,50,GROCERY I,5201,46
2845569,2017-05-20,50,GROCERY I,8271,61
2847351,2017-05-21,50,GROCERY I,9776,47
2849133,2017-05-22,50,GROCERY I,6244,47
2850915,2017-05-23,50,GROCERY I,5639,45
2852697,2017-05-24,50,GROCERY I,5674,48
2854479,2017-05-25,50,GROCERY I,5041,47
2856261,2017-05-26,50,GROCERY I,9267,57
2858043,2017-05-27,50,GROCERY I,8492,52
2859825,2017-05-28,50,GROCERY I,9439,49
2861607,2017-05-29,50,GROCERY I,6365,51
2863389,2017-05-30,50,GROCERY I,5339,47
2865171,2017-05-31,50,GROCERY I,6020,43
2866953,2017-06-01,50,GROCERY I,6947,30
2868735,2017-06-02,50,GROCERY I,7498,49
2870517,2017-06-03,50,GROCERY I,10721,50
2872299,2017-06-04,50,GROCERY I,12845,44
2874081,2017-06-05,50,GROCERY I,7026,49
2875863,2017-06-06,50,GROCERY I,6361,51
2877645,2017-06-07,50,GROCERY I,5811,57
2879427,2017-06-08,50,GROCERY I,4981,56
2881209,2017-06-09,50,GROCERY I,5942,55
2882991,2017-06-10,50,GROCERY I,9426,66
2884773,2017-06-11,50,GROCERY I,9821,53
2886555,2017-06-12,50,GROCERY I,5679,47
2888337,2017-06-13,50,GROCERY I,5562,51
2890119,2017-06-14,50,GROCERY I,5216,77
2891901,2017-06-15,50,GROCERY I,5344,52
2893683,2017-06-16,50,GROCERY I,6571,62
2895465,2017-06-17,50,GROCERY I,8653,59
2897247,2017-06-18,50,GROCERY I,9014,69
2899029,2017-06-19,50,GROCERY I,5651,55
2900811,2017-06-20,50,GROCERY I,5514,49
2902593,2017-06-21,50,GROCERY I,5878,84
2904375,2017-06-22,50,GROCERY I,4372,75
2906157,2017-06-23,50,GROCERY I,5834,76
2907939,2017-06-24,50,GROCERY I,8841,69
2909721,2017-06-25,50,GROCERY I,9591,73
2911503,2017-06-26,50,GROCERY I,5636,54
2913285,2017-06-27,50,GROCERY I,5321,57
2915067,2017-06-28,50,GROCERY I,5493,84
2916849,2017-06-29,50,GROCERY I,4802,67
2918631,2017-06-30,50,GROCERY I,6669,61
2920413,2017-07-01,50,GROCERY I,11852,63
2922195,2017-07-02,50,GROCERY I,12142,74
2923977,2017-07-03,50,GROCERY I,7262,73
2925759,2017-07-04,50,GROCERY I,6583,78
2927541,2017-07-05,50,GROCERY I,6654,105
2929323,2017-07-06,50,GROCERY I,5963,68
2931105,2017-07-07,50,GROCERY I,6735,61
2932887,2017-07-08,50,GROCERY I,8791,60
2934669,2017-07-09,50,GROCERY I,9211,63
2936451,2017-07-10,50,GROCERY I,6898,60
2938233,2017-07-11,50,GROCERY I,5822,67
2940015,2017-07-12,50,GROCERY I,5915,66
2941797,2017-07-13,50,GROCERY I,5188,55
2943579,2017-07-14,50,GROCERY I,6055,59
2945361,2017-07-15,50,GROCERY I,8056,68
2947143,2017-07-16,50,GROCERY I,8136,69
2948925,2017-07-17,50,GROCERY I,6853,67
2950707,2017-07-18,50,GROCERY I,5955,63
2952489,2017-07-19,50,GROCERY I,6045,84
2954271,2017-07-20,50,GROCERY I,6009,86
2956053,2017-07-21,50,GROCERY I,5917,84
2957835,2017-07-22,50,GROCERY I,8404,82
2959617,2017-07-23,50,GROCERY I,9340,84
2961399,2017-07-24,50,GROCERY I,6628,76
2963181,2017-07-25,50,GROCERY I,6585,77
2964963,2017-07-26,50,GROCERY I,5767,83
2966745,2017-07-27,50,GROCERY I,5792,72
2968527,2017-07-28,50,GROCERY I,7084,72
2970309,2017-07-29,50,GROCERY I,9622,69
2972091,2017-07-30,50,GROCERY I,9210,69
2973873,2017-07-31,50,GROCERY I,7462,65
2975655,2017-08-01,50,GROCERY I,7720,54
2977437,2017-08-02,50,GROCERY I,7970,60
2979219,2017-08-03,50,GROCERY I,6194,32
2981001,2017-08-04,50,GROCERY I,6040,41
2982783,2017-08-05,50,GROCERY I,9006,41
2984565,2017-08-06,50,GROCERY I,8360,40
2986347,2017-08-07,50,GROCERY I,6896,44
2988129,2017-08-08,50,GROCERY I,5666,41
2989911,2017-08-09,50,GROCERY I,5665,44
2991693,2017-08-10,50,GROCERY I,5727,31
2993475,2017-08-11,50,GROCERY I,6808,34
2995257,2017-08-12,50,GROCERY I,6202,34
2997039,2017-08-13,50,GROCERY I,7178,37
2998821,2017-08-14,50,GROCERY I,6041,36
3000603,2017-08-15,50,GROCERY I,5647,35
